                  epoch,         train/box_loss,         train/cls_loss,         train/dfl_loss,   metrics/precision(B),      metrics/recall(B),       metrics/mAP50(B),    metrics/mAP50-95(B),           val/box_loss,           val/cls_loss,           val/dfl_loss,                 lr/pg0,                 lr/pg1,                 lr/pg2
                      1,                 2.4092,                 4.1277,                 1.2193,                0.50529,                0.48307,                 0.4717,                 0.2392,                 1.8316,                 1.2319,                 1.0052,              0.0033242,              0.0033242,              0.0033242
                      2,                 2.0046,                 1.7325,                 1.1121,                0.95553,                0.33929,                0.52275,                0.25747,                 1.8852,                 1.2117,                0.96928,              0.0066136,              0.0066136,              0.0066136
                      3,                 2.1833,                 1.8226,                 1.1577,                0.53083,                0.47421,                0.46573,                0.19937,                 2.0441,                 1.1601,                 1.1491,               0.009859,               0.009859,               0.009859
                      4,                 2.2568,                 1.8631,                 1.1404,                0.55977,                0.45902,                0.49412,                0.23297,                 1.9731,                 1.1571,                  1.047,               0.009802,               0.009802,               0.009802
                      5,                  2.211,                 1.7813,                 1.1472,                0.62647,                0.45238,                0.50103,                0.23348,                 2.0025,                 1.1951,                 1.0698,               0.009802,               0.009802,               0.009802
                      6,                 2.1762,                 1.7637,                 1.1321,                0.55212,                0.50843,                0.51368,                0.24159,                 1.9528,                 1.1637,                 1.1715,               0.009736,               0.009736,               0.009736
                      7,                 2.1362,                 1.7014,                 1.1183,                0.62659,                0.49058,                0.51645,                0.23477,                 1.9621,                 1.1678,                 1.0345,                0.00967,                0.00967,                0.00967
                      8,                 2.1313,                  1.718,                 1.1418,                 0.5975,                0.51928,                0.57458,                0.27005,                 1.8662,                 1.0619,                 1.0775,               0.009604,               0.009604,               0.009604
                      9,                  2.106,                 1.6545,                 1.0965,                0.68801,                0.45139,                0.51871,                0.24309,                 1.8626,                 1.1041,                  1.034,               0.009538,               0.009538,               0.009538
                     10,                 2.1088,                 1.6919,                 1.1037,                0.64099,                0.54167,                0.55814,                0.27827,                 1.7154,                 1.0496,                 1.0256,               0.009472,               0.009472,               0.009472
                     11,                 2.0678,                  1.633,                 1.0937,                0.59064,                0.53282,                0.52854,                  0.256,                 1.8694,                 1.0972,                 1.0095,               0.009406,               0.009406,               0.009406
                     12,                 2.0058,                  1.548,                 1.0933,                0.60594,                0.55258,                0.58507,                0.30848,                 1.7217,                 1.0294,                 1.0523,                0.00934,                0.00934,                0.00934
                     13,                 1.9981,                 1.5833,                 1.1186,                 0.5851,                0.54011,                0.57487,                0.29132,                  1.757,                 1.0141,                  1.019,               0.009274,               0.009274,               0.009274
                     14,                 1.9666,                 1.5329,                 1.0625,                0.58493,                0.54117,                0.56698,                0.27874,                  1.807,                 1.0504,                 1.0032,               0.009208,               0.009208,               0.009208
                     15,                 2.0077,                   1.57,                 1.0907,                0.55493,                0.49554,                0.52761,                0.26427,                 1.8175,                 1.1194,                 1.0505,               0.009142,               0.009142,               0.009142
                     16,                 1.9705,                 1.5468,                  1.066,                0.70059,                0.49351,                0.57899,                0.28181,                 1.8493,                 1.0174,                0.97604,               0.009076,               0.009076,               0.009076
                     17,                 1.9584,                 1.5122,                  1.077,                0.66249,                0.54067,                0.57688,                0.31962,                 1.6789,                0.94933,                0.99359,                0.00901,                0.00901,                0.00901
                     18,                 1.9106,                 1.4745,                 1.0634,                0.59333,                0.56234,                0.59189,                 0.3028,                 1.7467,                 1.0066,                 1.0973,               0.008944,               0.008944,               0.008944
                     19,                 1.9117,                 1.4884,                 1.0815,                0.57271,                0.58482,                0.58891,                0.30758,                 1.6027,                0.98333,                0.99843,               0.008878,               0.008878,               0.008878
                     20,                 1.9506,                 1.5066,                 1.0743,                0.61011,                0.54216,                0.57192,                0.30922,                 1.6148,                0.98887,                  1.033,               0.008812,               0.008812,               0.008812
                     21,                 1.8846,                 1.4338,                 1.0583,                0.61604,                0.57124,                0.60429,                0.31794,                 1.6752,                0.98242,                 1.0189,               0.008746,               0.008746,               0.008746
                     22,                  1.882,                 1.4251,                 1.0582,                0.65694,                0.56255,                 0.6157,                0.32805,                 1.5924,                0.90993,                 1.0365,                0.00868,                0.00868,                0.00868
                     23,                 1.8851,                   1.44,                  1.049,                0.62431,                0.56281,                0.59314,                0.32111,                 1.6282,                0.94504,                0.98241,               0.008614,               0.008614,               0.008614
                     24,                 1.8327,                 1.3818,                 1.0438,                0.67207,                0.56548,                0.61036,                0.31599,                 1.6467,                0.95499,                 1.0564,               0.008548,               0.008548,               0.008548
                     25,                 1.8529,                 1.4022,                 1.0727,                0.61232,                0.54065,                0.58724,                0.31874,                 1.6478,                0.99846,                 1.0235,               0.008482,               0.008482,               0.008482
                     26,                 1.8466,                 1.4189,                 1.0508,                0.69309,                0.54613,                0.60124,                0.32086,                 1.6164,                0.95923,                 1.0181,               0.008416,               0.008416,               0.008416
                     27,                  1.861,                 1.4491,                 1.0579,                0.68088,                0.57929,                0.60952,                0.33656,                  1.572,                0.93546,                 1.0145,                0.00835,                0.00835,                0.00835
                     28,                  1.809,                 1.3686,                  1.043,                0.67912,                0.57068,                0.60947,                 0.3331,                 1.6337,                 0.8939,                 1.0082,               0.008284,               0.008284,               0.008284
                     29,                 1.8177,                 1.3672,                 1.0592,                0.62904,                0.55081,                0.58808,                0.32871,                 1.5373,                0.93645,                0.99499,               0.008218,               0.008218,               0.008218
                     30,                 1.8002,                 1.3491,                 1.0452,                0.66098,                0.57093,                0.58328,                0.32242,                 1.5611,                0.96005,                 1.0226,               0.008152,               0.008152,               0.008152
                     31,                 1.8005,                 1.3742,                 1.0426,                0.68891,                  0.563,                0.62895,                 0.3331,                  1.583,                0.90419,                0.98548,               0.008086,               0.008086,               0.008086
                     32,                 1.7611,                 1.3371,                 1.0434,                0.67296,                0.57788,                0.62302,                0.33036,                  1.588,                0.91492,                 1.0361,                0.00802,                0.00802,                0.00802
                     33,                  1.772,                   1.35,                 1.0558,                0.66212,                0.56944,                0.64453,                0.32479,                 1.6406,                0.88926,                 1.0352,               0.007954,               0.007954,               0.007954
                     34,                 1.7601,                 1.3508,                 1.0352,                0.73622,                0.58728,                0.63709,                0.35418,                 1.5085,                0.83681,                 1.0084,               0.007888,               0.007888,               0.007888
                     35,                 1.7343,                 1.2897,                 1.0552,                0.72649,                0.58963,                0.62502,                0.34771,                 1.5019,                 0.8952,                0.99738,               0.007822,               0.007822,               0.007822
                     36,                 1.7218,                 1.3052,                 1.0626,                0.66665,                0.59028,                0.62365,                0.34239,                 1.4895,                0.87847,                 1.0038,               0.007756,               0.007756,               0.007756
                     37,                 1.6952,                 1.2631,                 1.0529,                0.64596,                0.60018,                0.60446,                0.32149,                 1.5918,                 0.9183,                0.99475,                0.00769,                0.00769,                0.00769
                     38,                 1.7306,                 1.3031,                 1.0355,                0.66969,                0.60466,                0.62103,                0.34389,                 1.5366,                0.89754,                0.96861,               0.007624,               0.007624,               0.007624
                     39,                 1.7135,                 1.2766,                 1.0225,                0.71475,                0.58234,                0.64135,                0.35034,                  1.505,                0.89859,                0.99078,               0.007558,               0.007558,               0.007558
                     40,                 1.7248,                 1.2795,                 1.0506,                0.65506,                0.56647,                0.61237,                0.34515,                 1.5516,                0.91426,                 1.0498,               0.007492,               0.007492,               0.007492
                     41,                 1.7242,                 1.2914,                 1.0844,                0.71732,                0.59657,                0.63312,                0.35688,                 1.5283,                0.86309,                 1.0064,               0.007426,               0.007426,               0.007426
                     42,                 1.7029,                 1.2732,                 1.0838,                0.69088,                0.59325,                0.63318,                0.35386,                 1.5306,                0.86628,                 1.0307,                0.00736,                0.00736,                0.00736
                     43,                 1.6818,                  1.258,                 1.0378,                0.67812,                0.59077,                0.62052,                0.34369,                 1.5591,                0.89476,                 1.0134,               0.007294,               0.007294,               0.007294
                     44,                 1.6559,                 1.2411,                 1.0326,                0.68602,                 0.5754,                0.63351,                0.35854,                 1.4565,                0.84449,                0.98638,               0.007228,               0.007228,               0.007228
                     45,                 1.6677,                  1.233,                 1.0607,                0.76942,                0.59729,                 0.6612,                0.37686,                 1.4542,                0.84053,                 1.0712,               0.007162,               0.007162,               0.007162
                     46,                 1.6732,                 1.2543,                 1.0549,                0.68832,                0.60837,                0.65954,                 0.3674,                 1.5098,                0.81915,                  1.082,               0.007096,               0.007096,               0.007096
                     47,                 1.6583,                 1.2507,                 1.0415,                0.76521,                 0.6131,                0.66174,                0.35561,                 1.5177,                0.86202,                 1.0149,                0.00703,                0.00703,                0.00703
                     48,                 1.6588,                 1.2242,                 1.0308,                0.70957,                0.60286,                  0.645,                0.37071,                 1.4746,                0.85023,                 1.0274,               0.006964,               0.006964,               0.006964
                     49,                 1.6482,                  1.225,                 1.0505,                0.73775,                0.60615,                0.63972,                0.37571,                 1.4293,                0.81551,                0.98548,               0.006898,               0.006898,               0.006898
                     50,                 1.6192,                 1.1957,                 1.0526,                 0.6769,                0.59623,                0.62445,                0.37846,                 1.3923,                0.82003,                 1.0339,               0.006832,               0.006832,               0.006832
                     51,                 1.6311,                 1.2105,                 1.0459,                 0.7285,                 0.6121,                0.64885,                0.37818,                 1.3944,                0.78468,                 1.0371,               0.006766,               0.006766,               0.006766
                     52,                 1.6162,                 1.1902,                 1.0485,                0.74506,                0.59722,                0.65807,                0.38512,                 1.4156,                0.79125,                 1.0158,                 0.0067,                 0.0067,                 0.0067
                     53,                 1.6026,                 1.1958,                  1.069,                 0.7412,                0.60334,                0.66188,                0.38632,                 1.4094,                0.81096,                 1.0077,               0.006634,               0.006634,               0.006634
                     54,                 1.6169,                 1.2004,                  1.057,                0.76662,                0.59425,                0.65535,                0.38007,                 1.4053,                0.80504,                0.98374,               0.006568,               0.006568,               0.006568
                     55,                 1.5924,                 1.1704,                 1.0544,                0.72396,                 0.5997,                0.64389,                0.37614,                 1.4725,                0.83875,                  1.054,               0.006502,               0.006502,               0.006502
                     56,                 1.6086,                 1.1753,                 1.0577,                0.73233,                0.62004,                0.65811,                0.38736,                 1.4012,                0.79092,                 1.0538,               0.006436,               0.006436,               0.006436
                     57,                 1.5893,                 1.1734,                 1.0394,                0.72927,                0.62252,                0.64976,                0.38066,                 1.3816,                0.79924,                 1.0031,                0.00637,                0.00637,                0.00637
                     58,                  1.583,                 1.1491,                 1.0176,                 0.7614,                0.60891,                0.65421,                0.38593,                 1.3835,                0.78984,                0.98784,               0.006304,               0.006304,               0.006304
                     59,                 1.5597,                 1.1381,                 1.0134,                0.73386,                0.60665,                0.63991,                0.38594,                 1.3791,                 0.7884,                0.98853,               0.006238,               0.006238,               0.006238
                     60,                 1.5846,                 1.1703,                 1.0273,                0.75429,                0.60615,                0.65656,                0.37949,                 1.4196,                0.80856,                0.99138,               0.006172,               0.006172,               0.006172
                     61,                 1.5642,                 1.1425,                 1.0349,                0.77044,                0.59298,                0.65157,                0.38191,                 1.3875,                0.80115,                 1.0021,               0.006106,               0.006106,               0.006106
                     62,                 1.5552,                 1.1328,                 1.0212,                0.78113,                0.61558,                0.67854,                0.39703,                 1.4255,                0.78623,                0.98391,                0.00604,                0.00604,                0.00604
                     63,                 1.5619,                  1.133,                 1.0391,                0.78911,                0.62066,                0.66985,                0.39459,                  1.389,                0.79631,                 1.0349,               0.005974,               0.005974,               0.005974
                     64,                 1.5675,                 1.1461,                 1.0608,                0.73904,                0.63128,                0.68308,                 0.3986,                 1.3744,                0.78472,                 1.0434,               0.005908,               0.005908,               0.005908
                     65,                  1.527,                 1.1097,                   1.04,                0.75743,                0.64256,                0.66729,                 0.3833,                 1.4436,                0.80284,                 1.0318,               0.005842,               0.005842,               0.005842
                     66,                 1.5366,                 1.1271,                 1.0281,                0.71769,                0.61806,                0.65732,                0.38642,                 1.4145,                0.80623,                0.98886,               0.005776,               0.005776,               0.005776
                     67,                 1.5152,                 1.1021,                 1.0269,                0.75815,                0.62004,                0.66413,                0.38635,                 1.4061,                0.81122,                 1.0069,                0.00571,                0.00571,                0.00571
                     68,                 1.5249,                 1.1102,                 1.0196,                0.75715,                0.60467,                0.67436,                0.39838,                 1.3544,                 0.8024,                 1.0187,               0.005644,               0.005644,               0.005644
                     69,                 1.5336,                 1.1077,                 1.0083,                0.74742,                0.63973,                0.67327,                0.39701,                 1.3578,                0.81211,                0.96819,               0.005578,               0.005578,               0.005578
                     70,                  1.503,                 1.0773,                 1.0107,                0.74886,                0.64649,                0.68894,                0.40808,                 1.3331,                0.78925,                0.98779,               0.005512,               0.005512,               0.005512
                     71,                 1.5073,                 1.1017,                 1.0283,                0.77724,                0.63095,                0.69117,                0.40651,                 1.3689,                0.77895,                 1.0174,               0.005446,               0.005446,               0.005446
                     72,                 1.5015,                 1.0979,                 1.0175,                0.78716,                0.63732,                0.68468,                0.40544,                 1.3962,                0.79666,                0.99901,                0.00538,                0.00538,                0.00538
                     73,                  1.496,                 1.0754,                 1.0135,                0.80661,                0.62996,                 0.6842,                0.40355,                 1.3629,                0.78768,                0.98335,               0.005314,               0.005314,               0.005314
                     74,                 1.4965,                 1.0795,                 1.0227,                0.78314,                0.62302,                0.67507,                0.40419,                 1.3266,                0.78219,                0.99164,               0.005248,               0.005248,               0.005248
                     75,                 1.4979,                 1.0806,                 1.0292,                0.76904,                0.63194,                0.68842,                0.40909,                 1.3073,                0.76766,                0.97398,               0.005182,               0.005182,               0.005182
                     76,                  1.472,                 1.0642,                 1.0132,                0.77941,                0.62698,                0.68589,                0.40991,                 1.3211,                0.75658,                0.98665,               0.005116,               0.005116,               0.005116
                     77,                 1.4761,                 1.0876,                 1.0052,                0.79711,                0.63399,                0.67554,                  0.414,                 1.3127,                0.76075,                0.96982,                0.00505,                0.00505,                0.00505
                     78,                   1.47,                 1.0439,                 1.0248,                 0.7666,                0.62648,                  0.677,                0.40589,                 1.3382,                0.77889,                0.98681,               0.004984,               0.004984,               0.004984
                     79,                 1.4666,                 1.0669,                  1.018,                0.81653,                0.62748,                0.68135,                0.40691,                  1.323,                 0.7682,                0.96843,               0.004918,               0.004918,               0.004918
                     80,                 1.4432,                 1.0411,                 1.0116,                0.81449,                0.62153,                0.67927,                0.40804,                 1.3034,                0.77576,                 1.0066,               0.004852,               0.004852,               0.004852
                     81,                 1.4453,                 1.0558,                 1.0025,                0.78459,                 0.6255,                0.67691,                0.41508,                 1.2911,                 0.7719,                0.99493,               0.004786,               0.004786,               0.004786
                     82,                 1.4263,                 1.0231,                 1.0258,                0.76875,                0.61706,                0.66611,                0.41077,                 1.2673,                0.77681,                 1.0022,                0.00472,                0.00472,                0.00472
                     83,                 1.4314,                 1.0187,                 1.0194,                0.78043,                0.62748,                0.67167,                0.41551,                 1.2712,                0.76169,                 1.0042,               0.004654,               0.004654,               0.004654
                     84,                 1.4088,                  1.016,                 1.0227,                0.78977,                0.62523,                0.67385,                0.41757,                 1.2581,                0.75049,                  1.005,               0.004588,               0.004588,               0.004588
                     85,                 1.4007,                0.99658,                 1.0245,                0.80954,                0.62599,                0.67196,                0.41707,                 1.2721,                0.74233,                 1.0163,               0.004522,               0.004522,               0.004522
                     86,                 1.4307,                 1.0141,                 1.0278,                0.79874,                 0.6274,                0.67216,                0.42277,                 1.2517,                0.74278,                 1.0197,               0.004456,               0.004456,               0.004456
                     87,                 1.4044,                 1.0035,                 1.0165,                0.77674,                0.62599,                0.67283,                0.42776,                 1.2474,                0.73405,                  1.025,                0.00439,                0.00439,                0.00439
                     88,                 1.3932,                0.99158,                  1.019,                 0.7731,                0.62284,                0.67925,                 0.4251,                 1.2648,                0.73396,                  1.015,               0.004324,               0.004324,               0.004324
                     89,                 1.3874,                 1.0065,                 1.0148,                 0.7749,                0.61905,                0.67822,                0.42571,                 1.2686,                0.73537,                0.99573,               0.004258,               0.004258,               0.004258
                     90,                 1.3927,                 1.0043,                 1.0038,                0.79492,                0.62946,                0.68692,                0.42982,                 1.2679,                0.73735,                0.97803,               0.004192,               0.004192,               0.004192
                     91,                  1.392,                0.99771,                 1.0017,                0.78916,                0.62866,                0.69037,                0.42773,                 1.2745,                0.73426,                0.97799,               0.004126,               0.004126,               0.004126
                     92,                 1.3767,                0.99095,                0.99679,                0.80031,                0.63164,                 0.6963,                0.42537,                 1.2801,                0.73609,                0.96866,                0.00406,                0.00406,                0.00406
                     93,                 1.3679,                0.97803,                  1.009,                0.80247,                0.62616,                0.69419,                0.43005,                 1.2572,                0.73283,                0.97056,               0.003994,               0.003994,               0.003994
                     94,                  1.362,                0.96933,                 1.0054,                0.81105,                0.62503,                0.69036,                0.42976,                 1.2681,                0.73707,                0.96733,               0.003928,               0.003928,               0.003928
                     95,                 1.3867,                0.99627,                 1.0228,                0.82159,                0.63194,                0.69815,                0.43345,                 1.2409,                  0.731,                0.96786,               0.003862,               0.003862,               0.003862
                     96,                 1.3578,                0.97856,                 1.0232,                0.81063,                0.61706,                0.69335,                0.43445,                 1.2453,                 0.7263,                0.99148,               0.003796,               0.003796,               0.003796
                     97,                 1.3532,                0.96478,                  1.037,                0.79021,                 0.6131,                0.68729,                0.43592,                 1.2309,                0.72616,                0.99005,                0.00373,                0.00373,                0.00373
                     98,                 1.3422,                0.94388,                 1.0328,                 0.7983,                0.61706,                0.68669,                0.43742,                 1.2222,                0.72362,                 1.0037,               0.003664,               0.003664,               0.003664
                     99,                 1.3435,                0.96324,                  1.041,                0.79085,                0.61905,                0.68313,                0.43959,                 1.2253,                0.72125,                 1.0199,               0.003598,               0.003598,               0.003598
                    100,                 1.3001,                0.92482,                 1.0335,                0.79948,                0.61795,                 0.6849,                0.43977,                 1.2267,                0.71291,                 1.0219,               0.003532,               0.003532,               0.003532
                    101,                 1.3212,                0.93737,                 1.0188,                0.80717,                 0.6195,                0.68717,                0.44111,                 1.2146,                0.71513,                  1.021,               0.003466,               0.003466,               0.003466
                    102,                 1.3167,                0.92958,                 1.0208,                0.80156,                0.62103,                0.69273,                0.44059,                 1.2064,                0.71351,                 1.0173,                 0.0034,                 0.0034,                 0.0034
                    103,                 1.3126,                0.94329,                 1.0406,                0.80194,                0.62023,                0.69143,                0.44207,                 1.2049,                0.70821,                 1.0237,               0.003334,               0.003334,               0.003334
                    104,                 1.3004,                0.92343,                 1.0117,                0.80432,                0.62205,                0.69201,                0.44338,                 1.2137,                0.71178,                 1.0202,               0.003268,               0.003268,               0.003268
                    105,                 1.3204,                0.94765,                 1.0157,                0.80859,                0.62148,                0.69829,                 0.4407,                 1.2252,                0.70909,                 1.0229,               0.003202,               0.003202,               0.003202
                    106,                  1.294,                0.93228,                0.98877,                0.81153,                  0.625,                0.70099,                0.44503,                 1.2072,                0.70107,                 1.0171,               0.003136,               0.003136,               0.003136
                    107,                 1.2636,                0.89292,                 1.0195,                0.82257,                0.62698,                0.70133,                0.44798,                 1.1961,                0.69648,                 1.0439,                0.00307,                0.00307,                0.00307
                    108,                 1.2786,                0.90844,                0.99127,                0.82688,                0.63044,                0.70467,                0.44436,                 1.2148,                0.69548,                 1.0432,               0.003004,               0.003004,               0.003004
                    109,                 1.2911,                0.90988,                0.99762,                0.80971,                0.63294,                0.70541,                0.44197,                 1.2273,                0.70274,                 1.0211,               0.002938,               0.002938,               0.002938
                    110,                 1.2702,                0.88711,                0.99459,                 0.8115,                0.62921,                0.70732,                0.44322,                 1.2426,                0.69952,                0.99104,               0.002872,               0.002872,               0.002872
                    111,                 1.2639,                0.88612,                 1.0037,                0.83051,                0.62897,                 0.7063,                 0.4465,                 1.2145,                0.69663,                0.98887,               0.002806,               0.002806,               0.002806
                    112,                 1.2538,                0.88439,                0.99277,                0.83195,                  0.625,                0.70537,                0.44563,                 1.2073,                0.69408,                0.98884,                0.00274,                0.00274,                0.00274
                    113,                  1.255,                0.90166,                  1.001,                0.83071,                0.62784,                0.70714,                 0.4468,                 1.2187,                0.69792,                0.99072,               0.002674,               0.002674,               0.002674
                    114,                 1.2486,                0.89456,                0.99195,                0.82645,                0.62302,                0.70631,                0.44173,                 1.2184,                0.70703,                0.98921,               0.002608,               0.002608,               0.002608
                    115,                  1.243,                0.86745,                0.99097,                 0.8284,                0.62751,                0.71018,                0.44814,                 1.2115,                0.70105,                0.97986,               0.002542,               0.002542,               0.002542
                    116,                  1.224,                0.86759,                0.98456,                0.83105,                0.63145,                0.70864,                0.44514,                 1.2109,                0.70515,                0.98087,               0.002476,               0.002476,               0.002476
                    117,                 1.2561,                0.89078,                0.98151,                0.83011,                0.62956,                0.70998,                0.44745,                 1.2055,                0.70205,                0.98116,                0.00241,                0.00241,                0.00241
                    118,                 1.2171,                0.84669,                 0.9866,                0.83002,                0.62707,                 0.7113,                  0.447,                 1.2109,                0.70244,                0.98064,               0.002344,               0.002344,               0.002344
                    119,                 1.2371,                0.87868,                0.98856,                0.81786,                0.62103,                0.70611,                 0.4465,                 1.2113,                0.70245,                0.98095,               0.002278,               0.002278,               0.002278
                    120,                 1.2257,                0.85547,                0.99346,                0.81167,                0.62302,                0.70618,                0.44576,                 1.2019,                0.70266,                0.98159,               0.002212,               0.002212,               0.002212
                    121,                 1.2248,                0.86952,                0.97345,                0.81289,                  0.625,                0.70461,                0.44497,                 1.2053,                0.70203,                0.98124,               0.002146,               0.002146,               0.002146
                    122,                 1.2178,                0.85689,                0.98495,                0.80249,                0.62429,                0.70359,                0.44462,                 1.2095,                0.70428,                0.98174,                0.00208,                0.00208,                0.00208
                    123,                  1.202,                0.84439,                0.97762,                0.79901,                0.62302,                0.70442,                0.44768,                 1.2061,                0.70509,                0.97642,               0.002014,               0.002014,               0.002014
                    124,                 1.2047,                0.83921,                0.99868,                0.80134,                0.62281,                0.70515,                0.44596,                 1.2047,                0.71112,                0.97582,               0.001948,               0.001948,               0.001948
                    125,                 1.1875,                 0.8307,                 1.0064,                0.80587,                  0.625,                0.70616,                0.44568,                 1.1972,                0.71188,                0.97387,               0.001882,               0.001882,               0.001882
                    126,                 1.1719,                0.81822,                0.97328,                 0.8109,                0.62873,                0.70965,                0.44547,                 1.1981,                0.71415,                0.97489,               0.001816,               0.001816,               0.001816
                    127,                 1.1895,                0.82449,                0.95914,                0.81069,                0.62838,                0.70977,                  0.447,                 1.2032,                0.71259,                0.97678,                0.00175,                0.00175,                0.00175
                    128,                 1.1629,                0.82705,                0.97217,                0.81521,                0.62319,                0.70913,                0.44305,                 1.2106,                0.71166,                0.97123,               0.001684,               0.001684,               0.001684
                    129,                 1.1553,                0.82761,                0.97422,                0.80907,                0.62207,                0.70819,                0.44598,                 1.1942,                0.70989,                0.96864,               0.001618,               0.001618,               0.001618
                    130,                 1.1507,                0.81139,                0.97351,                0.80932,                0.62103,                0.70879,                0.44495,                 1.1937,                0.70962,                0.96727,               0.001552,               0.001552,               0.001552
                    131,                 1.1363,                0.79166,                0.97616,                0.81969,                0.61905,                0.71129,                0.44376,                 1.1986,                0.70743,                0.96851,               0.001486,               0.001486,               0.001486
                    132,                 1.1235,                0.78995,                0.99076,                0.81575,                0.61905,                0.71175,                0.44506,                 1.2026,                0.70811,                0.96785,                0.00142,                0.00142,                0.00142
                    133,                 1.1337,                0.80184,                0.98523,                0.80552,                0.61706,                0.70369,                0.44298,                  1.199,                0.71001,                0.96766,               0.001354,               0.001354,               0.001354
                    134,                 1.1403,                0.80791,                0.98135,                0.81509,                0.62071,                0.70532,                0.44614,                 1.1996,                0.70783,                0.96894,               0.001288,               0.001288,               0.001288
                    135,                 1.1109,                0.77726,                0.98259,                0.81449,                 0.6188,                0.70475,                 0.4465,                 1.2011,                0.70628,                0.96944,               0.001222,               0.001222,               0.001222
                    136,                 1.1083,                0.78866,                0.97403,                0.81587,                0.62135,                0.70755,                0.44629,                 1.2025,                0.70616,                0.96939,               0.001156,               0.001156,               0.001156
                    137,                 1.0989,                0.76004,                0.96911,                0.82062,                0.62189,                0.70831,                 0.4467,                 1.2032,                0.70729,                0.97025,                0.00109,                0.00109,                0.00109
                    138,                 1.0655,                0.75254,                0.98453,                0.81961,                0.61658,                 0.7032,                0.44182,                 1.2091,                0.70743,                0.97133,               0.001024,               0.001024,               0.001024
                    139,                 1.0895,                0.76138,                0.99138,                0.81581,                0.61575,                0.70306,                0.44177,                 1.2068,                0.70551,                0.97105,               0.000958,               0.000958,               0.000958
                    140,                 1.0678,                0.75492,                0.97602,                0.81859,                0.61458,                0.70297,                0.44165,                 1.2089,                0.70893,                0.96982,               0.000892,               0.000892,               0.000892
                    141,                 1.0726,                 0.7511,                0.98394,                0.81524,                0.61458,                0.70321,                0.44597,                 1.2014,                0.70652,                 0.9697,               0.000826,               0.000826,               0.000826
                    142,                 1.0339,                0.71098,                0.99523,                0.81663,                0.61513,                0.70359,                0.44662,                 1.2016,                0.70392,                0.97042,                0.00076,                0.00076,                0.00076
                    143,                 1.0262,                0.71726,                0.99043,                0.82095,                0.61552,                 0.7042,                0.44935,                 1.1959,                0.70095,                0.96964,               0.000694,               0.000694,               0.000694
                    144,                 1.0299,                0.71299,                0.97157,                0.81837,                0.61681,                0.70486,                0.45077,                 1.1963,                0.70608,                0.97016,               0.000628,               0.000628,               0.000628
                    145,                 1.0072,                0.68611,                0.97702,                0.82681,                0.61835,                0.70493,                0.45123,                  1.201,                0.70368,                0.96951,               0.000562,               0.000562,               0.000562
                    146,                 1.0083,                0.69705,                0.96646,                0.82888,                 0.6205,                 0.7056,                0.45049,                 1.1955,                0.70233,                0.96943,               0.000496,               0.000496,               0.000496
                    147,                 1.0014,                0.69101,                0.97177,                0.82812,                0.61932,                0.70609,                0.44983,                 1.1945,                0.70244,                 0.9693,                0.00043,                0.00043,                0.00043
                    148,                0.99321,                0.69361,                0.97581,                0.82751,                0.61833,                0.70952,                0.45189,                 1.1907,                0.70207,                0.96987,               0.000364,               0.000364,               0.000364
                    149,                0.98798,                0.68217,                0.97876,                 0.8227,                0.61646,                0.70498,                0.45033,                 1.1934,                0.70145,                0.96988,               0.000298,               0.000298,               0.000298
                    150,                0.96945,                0.67647,                0.96926,                0.82755,                0.61872,                0.71066,                0.45302,                 1.1927,                0.70096,                0.97038,               0.000232,               0.000232,               0.000232
